qi,uf,u_new,P
13.90261825203143,12.708344639245029,15.69713080312013,149.4392261595122
15.69713080312013,15.135199719980745,13.309474665605139,149.4425219866003
13.309474665605139,12.19824808539798,15.351126767878576,149.44268660773238
15.351126767878576,14.743698827237932,13.111239274089977,149.44285007239378
13.111239274089977,11.987501460756835,15.265552685892512,149.44311793714482
15.265552685892512,14.585999284114035,13.123319801267792,149.4436004660973
13.123319801267792,11.974434833152639,15.303388251587865,149.44395303197888
15.303388251587865,14.552043676798876,13.244771840933105,149.44430909248103
13.244771840933105,12.069338853231434,15.406390773683643,149.44472563878193
15.406390773683643,14.58973694285905,13.476428352910313,149.4952888003439
13.476428352910313,12.282780579106525,15.539720284866775,149.4957497695026
15.539720284866775,14.666502903510967,13.652817508022421,149.49612693676733
13.652817508022421,12.435580100647755,15.690091215654364,149.49664746643498
15.690091215654364,14.767213155529037,13.87352029203801,149.49739387255374
13.87352029203801,12.638412226441796,15.844790340003511,149.49794039754426
15.844790340003511,14.878658037366254,14.094380458213077,149.4983987150361
14.094380458213077,12.84396657791772,15.99696889040052,149.49899815137255
15.99696889040052,14.993231776490592,14.315572650731973,149.49989000282653
14.315572650731973,13.052724500547965,16.141903771516528,149.50050157736194
16.141903771516528,15.105401399995158,14.524043796203403,149.5010170090551
14.524043796203403,13.25044747085836,16.277495559980146,149.50167786233123
16.277495559980146,15.212372602333316,14.723600838419339,149.50267363702105
14.723600838419339,13.441148476589452,16.402123009395336,149.50333357080137
16.402123009395336,15.311895715881553,14.906904394701806,149.50388504783595
14.906904394701806,13.616687445811634,16.515657332721453,149.50459309273842
16.515657332721453,15.40334516590883,15.079291598624375,149.50565545593622
15.079291598624375,13.78266153515901,16.620110714112915,149.57301526127725
16.620110714112915,15.489256176921321,15.289569757590979,149.64837090109242
15.289569757590979,13.991826240509448,16.706625704796558,149.64924734185598
16.706625704796558,15.558679207042376,15.395815767061455,149.64973375958627
15.395815767061455,14.090467567302568,16.779412553289955,149.65032347278765
16.779412553289955,15.615708183307653,15.52867298809486,149.65187330342255
15.52867298809486,14.21955778554663,16.851163414002684,149.65279899614524
16.851163414002684,15.67380097749016,15.638540248131735,149.65330909811732
15.638540248131735,14.325041652779754,16.911018777278542,149.6539195234311
16.911018777278542,15.721182255939798,15.750923905178778,149.6555392699983
15.750923905178778,14.434640262333742,16.96706067620368,149.65650873627055
16.96706067620368,15.766287252854744,15.84558265590541,149.65703361005595
15.84558265590541,14.526291502538355,17.013251196622292,149.65766348295546
17.013251196622292,15.8024942615271,15.938971707676497,149.65934223491925
15.938971707676497,14.617694470417925,17.055426474443824,149.66034699377758
17.055426474443824,15.835855752390158,16.01778752615452,149.66088233612786
16.01778752615452,14.694379521873865,17.089482517032298,149.66152906535672
17.089482517032298,15.86184610950351,16.09510681637043,149.66324977934246
16.09510681637043,14.770343805805899,17.120146358653283,149.66427629829312
17.120146358653283,15.885361693310134,16.15997583323118,149.6648185132969
16.15997583323118,14.833710883226669,17.144134799474898,149.66547889742324
17.144134799474898,15.902782625594082,16.256529536330643,149.7583283525921
16.256529536330643,14.93057209243529,17.166508561519365,149.75939672304378
17.166508561519365,15.91955852488086,16.307909279576403,149.76034545223882
16.307909279576403,14.980869845717264,17.183560008306607,149.76101866491098
17.183560008306607,15.931256341283735,16.350715195144076,149.7617312573987
16.350715195144076,15.022506074922973,17.198958461448793,149.76281655210508
17.198958461448793,15.941842413245825,16.394988550479656,149.7637728961851
16.394988550479656,15.066259211379677,17.20955144989739,149.7644498313599
17.20955144989739,15.947938547762005,16.432681226970875,149.7651701284405
16.432681226970875,15.10333058370847,17.219159555145332,149.76626175263704
17.219159555145332,15.953556946258797,16.47030983539414,149.76722283947183
16.47030983539414,15.140732953015576,17.224643641537366,149.7679013399215
17.224643641537366,15.955298296902635,16.502751735060063,149.76862891771353
16.502751735060063,15.172878876474593,17.229795224088928,149.76972471047057
17.229795224088928,15.957145004690807,16.53459294349842,149.7706887341611
16.53459294349842,15.204692709529727,17.231419940473177,149.771368280707
17.231419940473177,15.955643773452346,16.56225989830603,149.77210297376064
16.56225989830603,15.232279945668585,17.233242560962967,149.77320285135696
17.233242560962967,15.954717508056351,16.589221022696353,149.77416808334482
16.589221022696353,15.25935548778851,17.24870422039028,149.86023040847033
17.24870422039028,15.967880086792919,16.61283567118686,149.8609371678351
16.61283567118686,15.283187746341317,17.24250038147992,149.86180449133826
17.24250038147992,15.959131066554669,16.63652968845379,149.86280959505982
16.63652968845379,15.307092572138982,17.234903788492723,149.86356870654296
17.234903788492723,15.949139501666654,16.69373345232545,149.94990761821782
16.69373345232545,15.366407254546447,17.23266722768564,149.95083518713923
17.23266722768564,15.945082537098383,16.694249513936718,149.95140462454043
16.694249513936718,15.365615961882948,17.227892592477254,149.9521635116084
17.227892592477254,15.938310633316714,16.71679845827108,149.95375457635464
16.71679845827108,15.388815615454927,17.224828033601057,149.9546936035058
17.224828033601057,15.933535457516015,16.723331461367525,149.95526741180262
16.723331461367525,15.394809248115646,17.219521405320194,149.95602514725363
17.219521405320194,15.926509201501277,16.74284107993424,149.95761028258042
16.74284107993424,15.414909874985344,17.215681795535353,149.95856073197206
17.215681795535353,15.92121253650259,16.751067917388287,149.95913739486764
16.751067917388287,15.422929948681022,17.20998960141385,149.95989372035552
17.20998960141385,15.914060672903155,16.767965195148903,149.96146965103532
16.767965195148903,15.440371784190523,17.205645077053948,149.9624320015883
17.205645077053948,15.908477244283281,16.776325735951588,149.96301135738966
16.776325735951588,15.448698382530663,17.199741771213024,149.96376598542227
17.199741771213024,15.901327825359772,16.79106797112706,149.96533268294763
16.79106797112706,15.463952894935346,17.19511866751093,149.9663074212038
17.19511866751093,15.89564611386387,16.798948835005532,149.96688948522527
16.798948835005532,15.471895208079866,17.18914407833867,149.96764199889012
17.18914407833867,15.888599667583737,16.811923942075406,149.9692001674605
16.811923942075406,15.485358243573144,17.184415788391952,149.97018763156925
17.184415788391952,15.882962314267026,16.81910642255301,149.9707723793607
16.81910642255301,15.492654594677125,17.178475683596872,149.971522234733
17.178475683596872,15.876093500358525,16.83062567004345,149.97307235065455
16.83062567004345,15.504640534737515,17.173771761924908,149.97407270304188
17.173771761924908,15.870605577196757,16.837063497992663,149.97466002287788
16.837063497992663,15.5112192360438,17.16794395649562,149.975406603157
17.16794395649562,15.863967559720214,16.84737433566006,149.9769487603107
16.84737433566006,15.521976523002566,17.16335935408698,149.97796203510725
17.16335935408698,15.858704371665645,16.853095228879834,149.9785517533874
16.853095228879834,15.527849615956317,17.15769933233072,149.97929444102624
17.15769933233072,15.852332912887192,16.86239423300804,149.98082851885468
16.86239423300804,15.537574977994884,17.153301967596573,149.98185470051578
17.153301967596573,15.847346452740632,16.867454996545646,149.98244662232452
16.867454996545646,15.54278939161924,17.14784751946409,149.9831848599105
17.14784751946409,15.84126341034961,16.898457581784676,150.07592198586843
16.898457581784676,15.574317998568194,17.196428347684122,150.25485485646917
17.196428347684122,15.890211109548657,16.92001100384603,150.25729295513452
16.92001100384603,15.597421489373763,17.178726992118268,150.2579982465032
17.178726992118268,15.870885839034422,16.907901042151636,150.2585248515095
16.907901042151636,15.583931668281526,17.174626852505277,150.25954591626217
17.174626852505277,15.866337931302468,16.924774136088022,150.26188338425487
16.924774136088022,15.60175659379399,17.16210521781842,150.26259367804224
17.16210521781842,15.852765709447276,16.919233226602948,150.26312619777443
16.919233226602948,15.595372969617975,17.15865829266155,150.2641463421162
17.15865829266155,15.848975714821554,16.93277836068066,150.26638401825616
16.93277836068066,15.609633602191343,17.14941994134038,150.26709852681873
17.14941994134038,15.838950917573657,16.93041613029765,150.2676364834702
16.93041613029765,15.606751050686766,17.14643966729679,150.2686549973097
17.14643966729679,15.835660685141157,16.941615497535302,150.27079853481544
16.941615497535302,15.61852520846476,17.139374336699827,150.27151763601194
17.139374336699827,15.82797265548385,16.94085993839507,150.2720607253074
16.94085993839507,15.617439315996343,17.136737983739234,150.27307755336852
17.136737983739234,15.82505008212982,16.950354136594935,150.2751358519141
16.950354136594935,15.627417375146678,17.13112442775657,150.27586009301905
17.13112442775657,15.818927142339335,16.950411509758222,150.2764081056446
16.950411509758222,15.627258381392457,17.12874828034601,150.27742327166837
17.12874828034601,15.816287498125735,16.958625699480113,150.27940672155816
16.958625699480113,15.635891641429586,17.124124924770506,150.28013664386972
17.124124924770506,15.811236979805726,16.95907732608156,150.28068944277638
16.95907732608156,15.636197283768084,17.121955510511853,150.28170283953477
17.121955510511853,15.808826661325844,16.966304230311472,150.28362158344183
16.966304230311472,15.643795554407246,17.118027436659965,150.28435761324397
17.118027436659965,15.804533544928544,16.96692221549049,150.28491508879478
16.96692221549049,15.644311367492675,17.116031640178743,150.28592636638942
17.116031640178743,15.802318721145163,16.973369024837066,150.2877892627462
16.973369024837066,15.651092446514351,17.11261057965444,150.28853164713732
17.11261057965444,15.798580944652583,16.974028008977985,150.2890936946425
16.974028008977985,15.65167664358641,17.110767795659523,150.29010225020974
17.110767795659523,15.796539791724122,16.979844991874973,150.2919164901207
16.979844991874973,15.6577981038461,17.10773260024636,150.2926652873215
17.10773260024636,15.79322651445211,16.980476430025547,150.29323179592828
16.980476430025547,15.658371620182631,17.106029454050898,150.29423685472293
17.106029454050898,15.791344100540773,16.9857749799455,150.2960080677879
16.9857749799455,15.663949892497941,17.103301186290025,150.29676318530653
17.103301186290025,15.788369332228564,16.986342649735857,150.29733404021974
16.986342649735857,15.664469703292406,17.101728222875778,150.29833478140816
17.101728222875778,15.786634504449236,17.002358047551052,150.38808180840252
17.002358047551052,15.680613673808777,17.117053020366072,150.48414771558575
17.117053020366072,15.802079813766,17.017732511508566,150.48648340800136
17.017732511508566,15.697089295045116,17.115305470130313,150.487402014865
17.115305470130313,15.7999055232202,17.00541361975098,150.48793270164407
17.00541361975098,15.683596293817951,17.11194378864472,150.48873773735164
17.11194378864472,15.796066403009013,17.017319574758776,150.49102092454564
17.017319574758776,15.696204913914444,17.110579085259758,150.49195221935733
17.110579085259758,15.794439845160353,17.010101330446336,150.49248716473963
17.010101330446336,15.688220459345734,17.10774643586537,150.49328626113333
17.10774643586537,15.791250927719787,17.019662842987856,150.49551740687681
17.019662842987856,15.69830457586836,17.106713315377647,150.4964616844557
17.106713315377647,15.790025396288843,17.01520310193922,150.497000640086
17.01520310193922,15.693319863933722,17.104331788913896,150.49779384987335
17.104331788913896,15.787355832591166,17.023150323915004,150.49997491901104
17.023150323915004,15.70167830514945,17.103559696196545,150.50093313285944
17.103559696196545,15.786431381954003,17.02022313785907,150.5014758355211
17.02022313785907,15.698371431082801,17.10153111789601,150.5022631989893
17.10153111789601,15.784160509577852,17.027017966708083,150.5043971573579
17.027017966708083,15.705506233332226,17.100957541927777,150.50537037016838
17.100957541927777,15.78346167645432,17.02495546186107,150.50591653056685
17.02495546186107,15.703153955192802,17.099194419785288,150.50669795467482
17.099194419785288,15.78148925578808,17.030899432058863,150.50878836690978
17.030899432058863,15.709389578114505,17.098773460688257,150.5097775835523
17.098773460688257,15.780963220587747,17.02932747876856,150.51032691036497
17.02932747876856,15.707585339967311,17.097206082033924,150.511102154113
17.097206082033924,15.779211290523826,17.03462518558457,150.51315281811299
17.03462518558457,15.713140931314298,17.096906806902613,150.5141588836157
17.096906806902613,15.778823072842199,17.033329319448562,150.5147111047648
17.033329319448562,15.711650323523932,17.09548236538247,150.51547980660803
17.09548236538247,15.777233080624528,17.0381241169556,150.51749447655067
17.0381241169556,15.716678305429129,17.09528524044229,150.51851803843115
17.09528524044229,15.776960574646136,17.03697920066198,150.51907291459182
17.03697920066198,15.715363672658254,17.09396472704082,150.5198346486707
17.09396472704082,15.775489317872992,17.041374341684776,150.5218168379835
17.041374341684776,15.719973330392605,17.093858113147103,150.5228583728196
17.093858113147103,15.775319147291057,17.040306533708055,150.52341569987098
17.040306533708055,15.718752700131224,17.09261300426184,150.52417004172418
17.09261300426184,15.7739349308403,17.060939977276288,150.61817486217453
17.060939977276288,15.739233864930872,17.119534358394645,150.72258665714475
17.119534358394645,15.800933445043912,17.07243066931233,150.7244732320137
17.07243066931233,15.751374241470948,17.11631017964433,150.72525984515946
17.11631017964433,15.797132068910207,17.06332639680397,150.72582242637313
17.06332639680397,15.741287024773836,17.116353292919065,150.72676747162822
17.116353292919065,15.796954364173189,17.072180146891785,150.72861039577435
17.072180146891785,15.750619690291359,17.113974920666074,150.72940296388936
17.113974920666074,15.794230811195337,17.066100931385943,150.72997055859318
17.066100931385943,15.743852559535542,17.113945309670797,150.73091061133294
17.113945309670797,15.794065427461204,17.073151049476593,150.7327116962551
17.073151049476593,15.751275052540494,17.112177166284724,150.73350994306492
17.112177166284724,15.792054265361719,17.068936553806363,150.73408232874436
17.068936553806363,15.74656403720509,17.112122015731455,150.73501743169007
17.112122015731455,15.791898580933589,17.07471227800178,150.73677928689568
17.07471227800178,15.752637428564396,17.110795302804465,150.73758347682022
17.110795302804465,15.790388908620749,17.071671137823415,150.73816048264328
17.071671137823415,15.749224050879569,17.110732604019805,150.7390908546384
17.110732604019805,15.790244692507356,17.07652440216266,150.74081646313638
17.07652440216266,15.754322050720464,17.109722421707584,150.7416269784685
17.109722421707584,15.789090794421302,17.074231375521407,150.74220845450637
17.074231375521407,15.751739507576954,17.10965756063722,150.74313427573517
17.10965756063722,15.788956398189715,17.078400670057153,150.74482668340693
17.078400670057153,15.756115413822569,17.108875062977273,150.74564391834414
17.108875062977273,15.788057415692272,17.07659071728405,150.74622972229952
17.07659071728405,15.75407240653654,17.108808961878562,150.74715106375766
17.108808961878562,15.787930126703925,17.08024262360913,150.74881315281584
17.08024262360913,15.75790307294479,17.108192509907873,150.74963745139615
17.108192509907873,15.787216899311689,17.078748283877005,150.7502274413489
17.078748283877005,15.756215013138428,17.108124818271648,150.75114424255244
17.108124818271648,15.78709424162702,17.08200158854919,150.75277859945587
17.08200158854919,15.759626312793904,17.107632320759773,150.75361022124034
17.107632320759773,15.78651974989915,17.080715875054864,150.7542042530827
17.080715875054864,15.758174789517899,17.107562555218394,150.75511633462887
17.107562555218394,15.786399855166833,17.083656906042467,150.75672520398408
17.083656906042467,15.761257999006792,17.107165607034112,150.75756431588547
17.107165607034112,15.785932350698022,17.082510788556657,150.75816224433973
17.082510788556657,15.7599662012464,17.10709345636892,150.7590693443117
17.10709345636892,15.785813918611307,17.08520327901127,150.76065464420742
17.08520327901127,15.762788544091304,17.10677304605835,150.7615013331491
17.10677304605835,15.785432057743677,17.084151863271742,150.76210301468367
17.084151863271742,15.761606186547974,17.10669836790056,150.76300483436762
17.10669836790056,15.785314186531023,17.086643534341487,150.7645682038936
17.086643534341487,15.764217879004821,17.106441832708583,150.76542250100377
17.106441832708583,15.785003639101767,17.10154394450616,150.857462684196
17.10154394450616,15.779240081428622,17.127376001397415,150.9837695740117
17.127376001397415,15.805931583996186,17.10085831934844,150.9845004143904
17.10085831934844,15.778112071328716,17.13143447835165,150.98569993459805
17.13143447835165,15.809980015611224,17.105392160597525,150.98677809422108
17.105392160597525,15.782612635487354,17.125471380926705,150.98746704080787
17.125471380926705,15.803322037400282,17.10479393864083,150.98820572020512
17.10479393864083,15.78163873418864,17.128896380809156,150.98941267399306
17.128896380809156,15.806832429703233,17.108241574423204,150.99047730739198
17.108241574423204,15.785079933025218,17.124540884769207,150.99116756291804
17.124540884769207,15.801987787415063,17.10773215819617,150.9919136594402
17.10773215819617,15.784300844321837,17.127461858307363,150.99312727362909
17.127461858307363,15.80499941329054,17.11042823394016,150.99417952132947
17.11042823394016,15.787007676722235,17.12420182202519,150.99487062371205
17.12420182202519,15.801369804420702,17.110041797463797,150.99562387748315
17.110041797463797,15.78642297394281,17.12672663051274,150.99684399112147
17.12672663051274,15.803976141975232,17.11221198744821,150.99788484270564
17.11221198744821,15.788609868473658,17.124214925374684,150.99857645457482
17.124214925374684,15.801173584009401,17.111946243033277,150.99933667557184
17.111946243033277,15.788194193472782,17.126425557713784,151.00056326126054
17.126425557713784,15.803455317531938,17.113738344266988,151.0015935418613
17.113738344266988,15.790003746841943,17.124428244232462,151.00228535623816
17.124428244232462,15.801221730310335,17.113575874225987,151.0030523885597
17.113575874225987,15.789724961152444,17.126389802649037,151.0042854241977
17.126389802649037,15.803245487999414,17.11508885556355,151.00530580487376
17.11508885556355,15.79125404107177,17.124748597527166,151.00599751652032
17.124748597527166,15.801406971300377,17.115008889821386,151.00677121628817
17.115008889821386,15.79108168513618,17.126513424597313,151.00801063591533
17.126513424597313,15.803227087969686,17.116310634311173,151.00902164789784
17.116310634311173,15.792397464897695,17.12512040055308,151.0097129435851
17.12512040055308,15.801665127220083,17.11629406908849,151.01049316500624
17.11629406908849,15.792305869224503,17.12673068425699,151.0117388475727
17.12673068425699,15.803325612980187,17.117432172109094,151.01274090046593
17.117432172109094,15.793455825487738,17.125511607666823,151.0134314611455
17.125511607666823,15.801958572329433,17.11746327805422,151.01421805031848
17.11746327805422,15.793424711066779,17.127001347435797,151.01546983714437
17.127001347435797,15.803494926693018,17.118471789470266,151.01646324192254
17.118471789470266,15.794442999251823,17.125904689380178,151.01715275297573
17.125904689380178,15.802265978186249,17.118538420648346,151.01794554894602
17.118538420648346,15.794457011844324,17.127301270923947,151.01920328064548
17.127301270923947,15.80370676591582,17.119442156804812,151.0201882760228
17.119442156804812,15.795368614832386,17.126290911033397,151.02087644116148
17.126290911033397,15.802575921188629,17.119535348867004,151.0216752824864
17.119535348867004,15.795416495715795,17.127616391208946,151.02293884302208
17.127616391208946,15.80394410457361,17.120352709889893,151.0239156218457
17.120352709889893,15.796239973827754,17.126666735104724,151.02460217610783
17.126666735104724,15.802882898394891,17.12046609126669,151.02540691015508
17.12046609126669,15.79631369190913,17.12793889198241,151.02667626566276
17.12793889198241,15.804196943098765,17.12121093801793,151.02764499761602
17.12121093801793,15.797063037024403,17.12703157932771,151.02832971601407
17.12703157932771,15.803184852912207,17.121340144809757,151.02914020811795
17.121340144809757,15.797157017008118,17.128264765842392,151.0304154319277
17.128264765842392,15.804459632289992,17.122023072049558,151.03137627997742
17.122023072049558,15.79784292239713,17.152883111085558,151.12422792869646
17.152883111085558,15.829333075654818,17.175949142022944,151.296978924363
17.175949142022944,15.852464062290519,17.14746591122086,151.29758973296583
17.14746591122086,15.822929061508846,17.15630466162398,151.29816827329108
17.15630466162398,15.831049569793175,17.15615141396324,151.29978059277093
17.15615141396324,15.831840774930582,17.165414988651957,151.3014803244071
17.165414988651957,15.840796561908128,17.151312815371377,151.30209134643246
17.151312815371377,15.826243122546693,17.1530593200212,151.3026773005325
17.1530593200212,15.82735979466948,17.15808722817387,151.30428249049436
17.15808722817387,15.833234471001292,17.160125649047185,151.3059379429376
17.160125649047185,15.834917430937093,17.15390296661138,151.30654904220478
17.15390296661138,15.82846324099217,17.151989320640606,151.30714179492753
17.151989320640606,15.826043500813263,17.159312597828155,151.3087419822297
17.159312597828155,15.834076874926051,17.15751467723422,151.31035387732595
17.15751467723422,15.831924577683692,17.155739408691176,151.3109650372633
17.155739408691176,15.830042807437383,17.15199328686749,151.31156474541805
17.15199328686749,15.825876777179783,17.160170326160934,151.31316206799394
17.160170326160934,15.834656790944265,17.156430762266414,151.31473203836825
17.156430762266414,15.830577146617827,17.157118626395437,151.31534328636738
17.157118626395437,15.831233510612854,17.152554394295304,151.31595016530522
17.152554394295304,15.826310294346786,17.160838391396215,151.31754669710588
17.160838391396215,15.835115149539172,17.15619967580844,151.31907687865117
17.15619967580844,15.830154693757493,17.158206023494824,151.31968825283647
17.158206023494824,15.83217584621164,17.153379391583574,151.32030251189022
17.153379391583574,15.827034845973051,17.161404227908022,151.32190018050622
17.161404227908022,15.835517399747143,17.15643833903384,151.32339284355425
17.15643833903384,15.830249064343482,17.159097659071897,151.32400436704847
17.159097659071897,15.832951149706403,17.154309682546774,151.32462618430674
17.154309682546774,15.827883293206392,17.161910906128806,151.32622669148196
17.161910906128806,15.835892677617895,17.156926300770337,151.32768401356236
17.156926300770337,15.830624476190675,17.159851783240438,151.32829567586916
17.159851783240438,15.833608717335325,17.155260808451274,151.3289251873984
17.155260808451274,15.82876585071348,17.16237995581774,151.33052996023392
17.16237995581774,15.836253408248325,17.15753785789544,151.33195391564445
17.15753785789544,15.831145509057167,17.160505785747002,151.33256566381976
17.160505785747002,15.834180239854783,17.15619029396292,151.33320296350672
17.15619029396292,15.829636511427285,17.162822769426437,151.33481315233223
17.162822769426437,15.836604817761735,17.158202120783226,151.33620548590437
17.158202120783226,15.831734855172396,17.161085093316792,151.3368172255148
17.161085093316792,15.83468737865921,17.15707897913939,151.33746237251125
17.15707897913939,15.830473642650373,17.16324609130673,151.33907889134258
17.16324609130673,15.836949357735095,17.15888008135181,151.34044114098174
17.15888008135181,15.832349140397728,17.161607947369358,151.3410527441199
17.161607947369358,15.835145795737752,17.157920427876455,151.34170577412974
17.157920427876455,15.831269014176868,17.163654566355284,151.34332936643696
17.163654566355284,15.837288610753467,17.159551211606907,151.34466290493373
17.159551211606907,15.83296478908689,17.162088004806776,151.34527422138433
17.162088004806776,15.835567322803673,17.15871487895678,151.3459351583663
17.15871487895678,15.832021529211586,17.17110643487434,151.43866254718154
17.17110643487434,15.844317032398001,17.182324104795168,151.59274503379376
17.182324104795168,15.855358837763168,17.190038361923957,151.5962779857989
17.190038361923957,15.864453611533145,17.189612901347573,151.59772622597413
17.189612901347573,15.862900939821285,17.172850736168026,151.59823946951437
17.172850736168026,15.845614804325258,17.18086097925498,151.5988754307398
17.18086097925498,15.853230987220918,17.18745464928496,151.60249656933482
17.18745464928496,15.86101121334016,17.18628455774496,151.60389326417973
17.18628455774496,15.85889691547985,17.17552500699646,151.60440636304256
17.17552500699646,15.847894001439144,17.18065304276501,151.60505470686715
17.18065304276501,15.852665454095817,17.18727450547714,151.60876328907025
17.18727450547714,15.860245520398868,17.18480496893443,151.61011308240856
17.18480496893443,15.856989774373426,17.17834566506082,151.6106254083514
17.17834566506082,15.85041909313825,17.18120886539671,151.61128620849655
17.18120886539671,15.852977856480676,17.188218765960897,151.61507660107281
17.188218765960897,15.860781210360049,17.1845094178872,151.61638334995
17.1845094178872,15.856393741562101,17.181030059014468,151.61689431629975
17.181030059014468,15.852873889225892,17.18223940585066,151.61756790327905
17.18223940585066,15.853823874418094,17.189639570525184,151.6214302271062
17.189639570525184,15.861899947266139,17.184948603881608,151.62269737339955
17.184948603881608,15.856608472234734,17.183465507524232,151.62320651294976
17.183465507524232,15.855121568330043,17.183539990977813,151.62389326736056
17.183539990977813,15.854975705457806,17.191221470121764,151.62781813820212
17.191221470121764,15.863253303287612,17.185824544984907,151.6290487189737
17.185824544984907,15.857308140599267,17.185629434783326,151.6295557920486
17.185629434783326,15.857129207402567,17.18497491391139,151.63025602682578
17.18497491391139,15.856285247565603,17.192797969824596,151.63424009863095
17.192797969824596,15.864645163700176,17.186941175038175,151.63543666254122
17.186941175038175,15.858281383290446,17.18752713869001,151.6359417124994
17.18752713869001,15.858890551978048,17.18645495252504,151.63665563057347
17.18645495252504,15.85765676078857,17.205162115622766,151.7325527202034
17.205162115622766,15.876100527295037,17.188703807250576,151.733663597429
17.188703807250576,15.859838104984576,17.20961832085211,151.73619342416694
17.20961832085211,15.880999370221714,17.189666667547243,151.73692153107183
17.189666667547243,15.86062833274138,17.200186396198887,151.737533166144
17.200186396198887,15.87089152176225,17.227026102862336,151.8680332190903
17.227026102862336,15.898184774312128,17.207042433610027,151.86950993119038
17.207042433610027,15.877646629072824,17.221650832441735,151.87027152832775
17.221650832441735,15.892019366785668,17.207235056586903,151.87093740644286
17.207235056586903,15.877361525434035,17.222189519589538,151.87193850971605
17.222189519589538,15.89234702142375,17.212700344430612,151.87337236873162
17.212700344430612,15.882833022383705,17.21992661523703,151.87414504198904
17.21992661523703,15.889715792732396,17.21226100110012,151.8748072717594
17.21226100110012,15.88200575617763,17.22101312416426,151.87581793558158
17.22101312416426,15.890723395352536,17.21673646307465,151.87726672743065
17.21673646307465,15.886532245126272,17.219604760702826,151.87803967262306
17.219604760702826,15.889064016879725,17.215828223448572,151.8786969348061
17.215828223448572,15.885303054380145,17.220803217546248,151.87971552441041
17.220803217546248,15.890227645748219,17.219573587734313,151.88118121337294
17.219573587734313,15.889122741338463,17.219867532254156,151.88195361163102
17.219867532254156,15.889105623490476,17.21840461120299,151.88260629958341
17.21840461120299,15.887682084096548,17.221058885688517,151.88363261369375
17.221058885688517,15.890283193567907,17.221616120914998,151.8851161338354
17.221616120914998,15.890979559291212,17.220397909646543,151.88588757809217
17.220397909646543,15.889476388463336,17.220308825526743,151.88653599656664
17.220308825526743,15.889436915245469,17.221538043435483,151.88757009341452
17.221538043435483,15.89061428909861,17.223126556925102,151.8890724798639
17.223126556925102,15.892345597615314,17.221039936578947,151.88984270397478
17.221039936578947,15.889997453566908,17.221750807254963,151.89048706392592
17.221750807254963,15.890761854262959,17.222116302758717,151.89152905334927
17.222116302758717,15.891078458417356,17.22427806059099,151.89305144095397
17.22427806059099,15.893381720983404,17.221715450329953,151.89382023647286
17.221715450329953,15.89057768019004,17.22287169792748,151.894460678603
17.22287169792748,15.89178809234351,17.22272955678226,151.89551065191282
17.22272955678226,15.89160076993637,17.22518594762681,151.89705424985183
17.22518594762681,15.89419507167576,17.22238650000582,151.89782143092285
17.22238650000582,15.891171129656595,17.223767737420964,151.89845804287702
17.223767737420964,15.892605286583317,17.223345821666282,151.89951604963275
17.223345821666282,15.89214232842115,17.22592799453069,151.9010821196753
17.22592799453069,15.894857831265053,17.223036380789896,151.9018475082608
17.223036380789896,15.891755891870826,17.22450550999871,151.9024803378261
17.22450550999871,15.893275549670996,17.223950437498882,151.90354638505838
17.223950437498882,15.89268385097282,17.22655727965663,151.9051362266936
17.22655727965663,15.895419136597312,17.223659537602572,151.9058996483788
17.223659537602572,15.892322876582634,17.22513169593945,151.90652871431848
17.22513169593945,15.89384244965855,17.224537997438095,151.90760277744036
17.224537997438095,15.893216728435865,17.227110445522392,151.90921772164748
17.227110445522392,15.8959127912119,17.224256067138633,151.90997900687304
17.224256067138633,15.892869702408786,17.22567941565496,151.91060430805524
17.22567941565496,15.894336896081827,17.225107878586762,151.91168634668577
17.225107878586762,15.89373805905003,17.23575570037538,152.0080075156269
17.23575570037538,15.90424276911855,17.247620193453265,152.14002645124438
17.247620193453265,15.916422246599586,17.247032298379867,152.14211789812342
17.247032298379867,15.915981234473943,17.248237772955388,152.14306262370263
17.248237772955388,15.916653944724384,17.239287479277003,152.14364081801924
17.239287479277003,15.907256386104098,17.24746490901087,152.14449195125712
17.24746490901087,15.915495993807195,17.248485440448977,152.14662326678783
17.248485440448977,15.916829239484958,17.2481126269357,152.1475602156613
17.2481126269357,15.915940349194981,17.242081845955607,152.14813632882442
17.242081845955607,15.909661913995278,17.247826026161547,152.14900044640197
17.247826026161547,15.91541800392802,17.24974025279301,152.15117199743793
17.24974025279301,15.91765692642542,17.248378236602814,152.15209930358725
17.248378236602814,15.915832914811201,17.244357730655928,152.15267304517846
17.244357730655928,15.911663862155207,17.24839615121128,152.15354958841277
17.24839615121128,15.915692984888425,17.250889993449523,152.15576183189464
17.250889993449523,15.918495098088718,17.248872030652638,152.15667941677884
17.248872030652638,15.916064838095117,17.246275113668418,152.15725056118484
17.246275113668418,15.913376945761858,17.249092054697133,152.15813941979678
17.249092054697133,15.916174017454768,17.251972467997668,152.16039274162398
17.251972467997668,15.91934043750703,17.249510626061557,152.16130084079217
17.249510626061557,15.916508082388754,17.24792616433228,152.16186922276995
17.24792616433228,15.91486767331247,17.24986564087272,152.1627703582292
17.24986564087272,15.91678257171919,17.253001870272648,152.16506520111943
17.253001870272648,15.920183205407287,17.250239563530783,152.165964126368
17.250239563530783,15.917084446856924,17.249369948014664,152.1665296464805
17.249369948014664,15.916180474292961,17.25068445146267,152.1674429956366
17.25068445146267,15.917469210907138,17.2539829876524,152.16978012959743
17.2539829876524,15.921013160651059,17.251021249610663,152.1706701816369
17.251021249610663,15.917742393376814,17.250647322280283,152.1712328097362
17.250647322280283,15.917347228533394,17.251525827427383,152.17215824893844
17.251525827427383,15.918201034299877,17.254919179234314,152.17453902326963
17.254919179234314,15.921823947697781,17.251829793639715,152.17542044618955
17.251829793639715,15.918447282467488,17.251789180063675,152.17598021211603
17.251789180063675,15.918393116850055,17.252374276613896,152.1769175547399
17.252374276613896,15.918956003234324,17.255813793662558,152.17934402716196
17.255813793662558,15.922612256918402,17.252647725485513,152.18021698679567
17.252647725485513,15.919175928025686,17.252819907620466,152.18077395927463
17.252819907620466,15.91933868016118,17.253219596158377,152.1817229801601
17.253219596158377,15.919719558224454,17.25667110570844,152.18419788888176
17.25667110570844,15.92337771525772,17.253463733845123,152.18506247187455
17.253463733845123,15.919913131408178,17.253759564114194,152.18561673220353
17.253759564114194,15.920201312365462,17.254055532694114,152.18657721055024
17.254055532694114,15.920482429602872,17.270029851959787,152.28168276832272
17.270029851959787,15.935959939137742,17.25518069649278,152.28250590893782
17.25518069649278,15.92144620970357,17.279677001332697,152.28581802896838
17.279677001332697,15.946608587410536,17.30099329012849,152.43474472009393
17.30099329012849,15.967787401434746,17.268755950039264,152.4352745004433
17.268755950039264,15.934200118969137,17.290652371332435,152.43592969103605
17.290652371332435,15.95627757727901,17.281380834980183,152.43929770926852
17.281380834980183,15.947395520755164,17.293536841860423,152.44062043791305
17.293536841860423,15.959167987943772,17.272731384028848,152.44114983911692
17.272731384028848,15.937731011959597,17.28745813531041,152.44181750611708
17.28745813531041,15.952429903498457,17.283078200963573,152.44523688103715
17.283078200963573,15.948563829931443,17.290225579914196,152.44653556334296
17.290225579914196,15.955275448349084,17.276024837025265,152.44706420725763
17.276024837025265,15.940707805295725,17.286302031982498,152.44774201619092
17.286302031982498,15.950910605808483,17.28472460095925,152.45120938658397
17.28472460095925,15.949822549366791,17.288677758546225,152.452481351092
17.288677758546225,15.953360466805131,17.27874068524836,152.45300890201423
17.27874068524836,15.943186271546749,17.286081289856632,152.45369693058146
17.286081289856632,15.950449276609177,17.286358213268297,152.45720892399734
17.286358213268297,15.951180481207352,17.288121250233882,152.45845445946244
17.288121250233882,15.952545536753089,17.281058433601107,152.458980687253
17.281058433601107,15.945325428830683,17.286377549285753,152.45967933830585
17.286377549285753,15.950568447209493,17.28785601229345,152.46323303713407
17.28785601229345,15.95245931023528,17.288140573360387,152.4644530375923
17.288140573360387,15.952375130137385,17.283010233118613,152.46497779500035
17.283010233118613,15.947129267971873,17.286956615700007,152.46568753357946
17.286956615700007,15.951010976907606,17.28928883771445,152.46928227964563
17.28928883771445,15.953729355579629,17.288506488625668,152.47047767940154
17.288506488625668,15.952590629849897,17.284709932909273,152.4710009755176
17.284709932909273,15.948710138996558,17.28769723203297,152.4717222399615
17.28769723203297,15.951638678582295,17.290564998621203,152.4753583604937
17.290564998621203,15.954863328727502,17.289069336984156,152.4765300248947
17.289069336984156,15.953033792218578,17.28616048003332,152.47705195780134
17.28616048003332,15.950053915232955,17.28851517734116,152.47778510876626
17.28851517734116,15.952362320992663,17.300606771517952,152.58503320705367
17.300606771517952,15.964449584624614,17.29043996227487,152.58612998168482
17.29043996227487,15.954248091198446,17.301426206319583,152.58815409048074
17.301426206319583,15.965406833068483,17.309992105579674,152.685017060436
17.309992105579674,15.974287245766845,17.29925656168114,152.68578799444398
17.29925656168114,15.962699150187786,17.308003490678427,152.68665536457726
17.308003490678427,15.971766756025948,17.30269964220712,152.68772175542125
17.30269964220712,15.965985761233634,17.30845282876128,152.68864702965237
17.30845282876128,15.97189630798176,17.30350805734617,152.6894520219098
17.30350805734617,15.966507577444863,17.30863807422135,152.69033512226997
17.30863807422135,15.97179947947788,17.306272622036385,152.69140336446563
17.306272622036385,15.969184102459833,17.309384384184405,152.6923324202599
17.309384384184405,15.972349114860718,17.306718725073956,152.69313643262518
17.306718725073956,15.969411384833172,17.30980978855004,152.69402584469688
17.30980978855004,15.972586789357067,17.30894193067347,152.69509635866586
17.30894193067347,15.971581100387182,17.310583064710965,152.696026475305
17.310583064710965,15.97322496709418,17.309160146555584,152.69682943721077
17.309160146555584,15.97162565670863,17.311071937321696,152.6977237410918
17.311071937321696,15.973579620215036,17.310997010084673,152.6987965301333
17.310997010084673,15.973429662484344,17.31179353259357,152.69972655067832
17.31179353259357,15.974202255367976,17.311070616754456,152.70052844146755
17.311070616754456,15.97336083580997,17.312280393547923,152.70142686873427
17.312280393547923,15.974588602507472,17.31262592217543,152.70250198689314
17.31262592217543,15.974896154085503,17.312929390556512,152.7034312525655
17.312929390556512,15.97516165702423,17.312606043428115,152.704232060551
17.312606043428115,15.974756277842891,17.31339061866205,152.7051340927479
17.31339061866205,15.975544894204965,17.313952693792647,152.70621161514347
17.313952693792647,15.976091334438996,17.313966914054102,152.7071396993695
17.313966914054102,15.976060652900872,17.31387127050542,152.70793941505107
17.31387127050542,15.975906494921073,17.314396141860797,152.70884465686532
17.314396141860797,15.976427548306713,17.315061353224962,152.70992466705434
17.315061353224962,15.977090680111449,17.31490696237521,152.71085127122814
17.31490696237521,15.97688850736201,17.314938655243544,152.71164988435623
17.314938655243544,15.97687706649294,17.315305048454306,152.71255801368685
17.315305048454306,15.977235477859397,17.3160102084161,152.71364059724038
17.3160102084161,15.97794673179341,17.315759586237252,152.71456550299703
17.315759586237252,15.977647745374027,17.31585926845522,152.71536300093393
17.31585926845522,15.977714432328982,17.31613021521288,152.7162737486111
17.31613021521288,15.977975489381722,17.316840572700222,152.7173589894968
17.316840572700222,15.97869676899913,17.31653746755219,152.71828203570513
17.31653746755219,15.978345975285498,17.316669854921017,152.71907840237841
17.316669854921017,15.978452065991453,17.316885160229983,152.71999154465854
17.316885160229983,15.978656944694325,17.317582244599123,152.72107952325118
17.317582244599123,15.979367684204949,17.31725312328921,152.72200059440934
17.31725312328921,15.978992188016226,17.3173972783691,152.72279580972796
17.3173972783691,15.979114456772813,17.317582345780515,152.7237111656694
17.317582345780515,15.979289380261548,17.31825703719734,152.72480195794319
17.31825703719734,15.979979146497728,17.31791779575039,152.7257209773046
17.31791779575039,15.979595113395431,17.318061434550746,152.72651501701606
17.318061434550746,15.979719738708486,17.31823258813052,152.7274324466599
17.31823258813052,15.979881505189113,17.31888110863777,152.72852612429804
17.31888110863777,15.98054570222181,17.318541113114282,152.72944304832455
17.318541113114282,15.980162552334154,17.337666315092424,152.82528315904096
17.337666315092424,15.999032326594994,17.364820318616307,152.97998220342717
17.364820318616307,16.02687974319327,17.341447202580504,152.98092248697267
17.341447202580504,16.002266782053926,17.35480292646449,152.981576118232
17.35480292646449,16.01563954109576,17.344119023265026,152.98248883198428
17.344119023265026,16.004609744578183,17.35939822521176,152.9839391749133
17.35939822521176,16.020293220927968,17.346461326542745,152.9848851247592
17.346461326542745,16.006727674669946,17.352830190631956,152.98554532966023
17.352830190631956,16.012984031126663,17.348071069360422,152.98645191717839
17.348071069360422,16.008112508967965,17.35702695522383,152.98789822816912
17.35702695522383,16.0173327253591,17.34967936348935,152.98884963011756
17.34967936348935,16.009574748186647,17.35219932477981,152.98951350458202
17.35219932477981,16.011972622875778,17.350643751211134,152.99041464116223
17.350643751211134,16.010380149883463,17.355780071263585,152.99185414991413
17.355780071263585,16.01570477576614,17.351794118633535,152.9928109101007
17.351794118633535,16.011434667154905,17.352097208460066,152.99347803431067
17.352097208460066,16.011619350059735,17.352358559656455,152.99437424423797
17.352358559656455,16.011879863383477,17.355164489702233,152.99580635705394
17.355164489702233,16.014824831757785,17.35321990707513,152.99676839892197
17.35321990707513,16.01267634472766,17.3522623483346,152.99743854944268
17.3522623483346,16.011606890143536,17.35353330084153,152.9983302413037
17.35353330084153,16.012896211686293,17.354916414899282,152.99975498962237
17.354916414899282,16.014384049575735,17.354209518860046,153.00072223498583
17.354209518860046,16.01352760464711,17.35256153536322,153.00139524079123
17.35256153536322,16.011774085579432,17.35436469224288,153.0022827330498
17.35436469224288,16.013606621724414,17.354888122047843,153.00370041989288
17.354888122047843,16.014210072840235,17.35492179660896,153.00467278206995
17.35492179660896,16.0141322211883,17.352925297414394,153.00534849102212
17.352925297414394,16.012035845221668,17.354977473376433,153.00623203086107
17.354977473376433,16.01412384464385,17.354993560695597,153.00764308362395
17.354993560695597,16.014201885385766,17.355458318598966,153.0086204648644
17.355458318598966,16.01458224029631,17.353317297921937,153.00929873110763
17.353317297921937,16.0123462954755,17.355451938503464,153.01017850909395
17.355451938503464,16.01452042178574,17.35518214470685,153.01158339527205
17.35518214470685,16.01429929609846,17.355884866835456,153.0125656870706
17.355884866835456,16.01493717420188,17.353719307774387,153.01324636574282
17.353719307774387,16.01268106005382,17.355840365838517,153.0141225283787
17.355840365838517,16.01484345352385,17.355424011213046,153.01552170438154
17.355424011213046,16.01446601800827,17.35624442244058,153.0165087903346
17.35624442244058,16.0152357568034,17.35412296710481,153.01719173612938
17.35412296710481,16.013027652320716,17.356177070411906,153.0180643971681
17.356177070411906,16.01512370734365,17.355701513396514,153.01945827991767
17.355701513396514,16.014679973526025,17.356565225299633,153.02045004052036
17.356565225299633,16.015503279850112,17.35452517250657,153.02113510858484
17.35452517250657,16.013380111733422,17.356484682079653,153.02200435914614
17.356484682079653,16.015381330374545,17.35600420200152,153.0233933140208
17.35600420200152,16.014927583229856,17.356865859737507,153.02438963242474
17.356865859737507,16.01575623969354,17.35492547467635,153.02507668055074
17.35492547467635,16.013735963704494,17.35677812985006,153.02594259763777
17.35677812985006,16.015629483600357,17.356325844071,153.02732693730388
17.356325844071,16.01520036142053,17.357158512642613,153.02832770491102
17.357158512642613,16.01600532020403,17.355324627160698,153.02901659615378
17.355324627160698,16.014094500776757,17.357067209114657,153.02987924916357
17.357067209114657,16.015876685806006,17.35666265152933,153.03125923866787
17.35666265152933,16.015492875833594,17.357451090857552,153.0322643596113
17.357451090857552,16.016257332505162,17.355723800267235,153.0329549647104
17.355723800267235,16.014455826113,17.357358260317508,153.03381441977342
17.357358260317508,16.016128345913216,17.367308481100462,153.13651907277153
17.367308481100462,16.02599574044789,17.394239726949387,153.31418917251384
17.394239726949387,16.05355515610616,17.377635824755096,153.3159567577814
17.377635824755096,16.03645120138636,17.387599234181934,153.31668360578806
17.387599234181934,16.045936533094093,17.373805862766105,153.31731407647632
17.373805862766105,16.031765659134965,17.39131561381028,153.31854401764275
17.39131561381028,16.049590182321506,17.381827531233142,153.3202632635773
17.381827531233142,16.03993467903623,17.38687466588538,153.32099618500183
17.38687466588538,16.044542293021316,17.378399866517594,153.32163362965335
17.378399866517594,16.035860133450107,17.390172345654715,153.32286492301915
17.390172345654715,16.04786696468092,17.38475444288919,153.32454114992493
17.38475444288919,16.04237052544859,17.38687920696466,153.3252768346177
17.38687920696466,16.04413398118033,17.38174777285026,153.325920774291
17.38174777285026,16.038864114816477,17.38971509183149,153.32715119523763
17.38971509183149,16.047016521319264,17.386881550483974,153.32878901641047
17.386881550483974,16.044145811701608,17.38721480959267,153.3295269552795
17.38721480959267,16.044180166786944,17.384266273198687,153.33017699220886
17.384266273198687,16.04113362569144,17.389671044131592,153.33140599410413
17.389671044131592,16.046685810195715,17.388490895465853,153.33300934416366
17.388490895465853,16.045491848990917,17.38773477543619,153.33374928486856
17.38773477543619,16.04448386023042,17.386217585924843,153.33440506603455
17.386217585924843,16.042896006993747,17.389885686058467,153.3356324590063
17.389885686058467,16.046681710396765,17.389755690413576,153.33720469086657
17.389755690413576,16.04655237583415,17.38835539236027,153.3379464662086
17.38835539236027,16.044935662112536,17.38777220474687,153.33860767107961
17.38777220474687,16.044301492056384,17.390261187549473,153.33983341371194
17.390261187549473,16.046884531921457,17.390786094804742,153.34137738951287
17.390786094804742,16.04741942569861,17.389025654659147,153.3421208774383
17.389025654659147,16.04546965112738,17.389044479215762,153.34278721381452
17.389044479215762,16.04545202904203,17.390734340646965,153.34401134421077
17.390734340646965,16.047217521943253,17.391654172913668,153.3455295146191
17.391654172913668,16.04815336703501,17.38971458255264,153.34627462051097
17.38971458255264,16.046045495515106,17.390112989855695,153.34694582419405
17.390112989855695,16.04641827183339,17.391264424130835,153.3481684218103
17.391264424130835,16.047631075234936,17.392408203490284,153.3496628938059
17.392408203490284,16.048794641364942,17.390403944358006,153.35040953904507
17.390403944358006,16.046638778980828,17.391032822864215,153.35108537511329
17.391032822864215,16.047250051611577,17.391825506874262,153.35230653465314
17.391825506874262,16.048093187375258,17.39308120458166,153.35377912857228
17.39308120458166,16.049370848137556,17.391083616914212,153.35452724228048
17.391083616914212,16.047235117348873,17.391843238402632,153.35520750645188
17.391843238402632,16.0479830298537,17.39240136136574,153.35642732028148
17.39240136136574,16.048583342693583,17.393696163044833,153.35787961671048
17.393696163044833,16.049901126785425,17.391748546151856,153.35862913013094
17.391748546151856,16.047826423342638,17.39257260055304,153.3593136492023
17.39257260055304,16.048643033860824,17.39298207237218,153.36053219736797
17.39298207237218,16.049088519303574,17.39426932096153,153.3619655747631
17.39426932096153,16.0503989250957,17.392396757095398,153.3627164180631
17.392396757095398,16.048408505967362,17.393241625924237,153.36340504895534
17.393241625924237,16.049248946190275,17.393561782207676,153.3646223956601
17.393561782207676,16.04960056248125,17.394812289474896,153.3660380601188
17.394812289474896,16.050873786088147,17.393028067218072,153.36679016120573
17.393028067218072,16.048979530522058,17.393865573573276,153.367482788638
17.393865573573276,16.049814671130648,17.39413720315523,153.3686989834107
17.39413720315523,16.050114458787817,17.39533344022857,153.3700979924154
17.39533344022857,16.051332526827338,17.393643270571896,153.37085127715625
17.393643270571896,16.04953903996186,17.41713654296179,153.47093181041438
17.41713654296179,16.073013196111695,17.42829702128918,153.62225055732944
17.42829702128918,16.08373482575629,17.41521740025828,153.62291066425163
17.41521740025828,16.070122445273434,17.43276006089308,153.62430517537473
17.43276006089308,16.088055544833658,17.4223957498273,153.6258494994085
17.4223957498273,16.077373765793055,17.427333176603664,153.62654583412842
17.427333176603664,16.08188266761933,17.42019671836922,153.62721404693255
17.42019671836922,16.07457102984951,17.431602676837453,153.62861560153456
17.431602676837453,16.086235166250603,17.42569798255719,153.63012165645083
17.42569798255719,16.080170809115643,17.427438544616404,153.63082043664684
17.427438544616404,16.081543056533707,17.423592030285885,153.6314962397303
17.423592030285885,16.077614810234856,17.431069123496126,153.63290202324237
17.431069123496126,16.085288729474097,17.427902999281685,153.63437384375183
17.427902999281685,16.08203433904609,17.42777249723763,153.63507426578605
17.42777249723763,16.0815935510557,17.425973576980205,153.63575729516683
17.425973576980205,16.079755989770433,17.430880218672367,153.637166276269
17.430880218672367,16.084819028635373,17.429424687183264,153.63860734351692
17.429424687183264,16.083311620999428,17.428201564861443,153.63930902959987
17.428201564861443,16.081826117409364,17.427690593273812,153.63999899100995
17.427690593273812,16.081299691086148,17.430893260354352,153.64141073682183
17.430893260354352,16.084628968639244,17.430508022352964,153.6428240486541
17.430508022352964,16.08421290444032,17.42866578317492,153.64352671606
17.42866578317492,16.082145915487807,17.428961634863875,153.64422335719397
17.428961634863875,16.08244036505325,17.431030772025807,153.64563760184473
17.431030772025807,16.084613336115588,17.43130589948228,153.64702574999964
17.43130589948228,16.084870531734865,17.429137486708257,153.64772915154842
17.429137486708257,16.08250673003767,17.429929604047544,153.64843224760733
17.429929604047544,16.083306529976777,17.4312466247045,153.64984877401412
17.4312466247045,16.084709743090773,17.431916931523624,153.6512140050749
17.431916931523624,16.085370228800315,17.42960403037018,153.6519179111642
17.42960403037018,16.08288494814224,17.43069048674239,153.65262725571085
17.43069048674239,16.083985145914063,17.43151306428805,153.65404585857343
17.43151306428805,16.08488023061886,17.432406196099713,153.65539012096548
17.432406196099713,16.08576860794624,17.430060681742635,153.65609431458654
17.430060681742635,16.083268929593693,17.431310002701355,153.65680971368639
17.431310002701355,16.084536042237065,17.431813373491067,153.6582301944856
17.431813373491067,16.08510134777306,17.43281733604849,153.6595551764094
17.43281733604849,16.086103566586164,17.43050683150421,153.66025945396706
17.43050683150421,16.083653505511823,17.43183376069949,153.66098072289293
17.43183376069949,16.085000865507357,17.43213754542519,153.66240290067543
17.43213754542519,16.085358479827004,17.433179935248262,153.66371006262736
17.433179935248262,16.086400687954146,17.430943880394853,153.66441423738758
17.430943880394853,16.08403695771146,17.432293699827454,153.66514119945344
17.432293699827454,16.085408822302348,17.432479629215738,153.66656492827966
17.432479629215738,16.085642433144912,17.433514160622707,153.66785553225358
17.433514160622707,16.08667729559186,17.431374042625677,153.66855943830126
17.431374042625677,16.084419306980042,17.43271229788989,153.6692919253372
17.43271229788989,16.085780466805566,17.432836088840784,153.6707171116044
17.432836088840784,16.085947339899025,17.433833762457304,153.67199224781524
17.433833762457304,16.086945085600753,17.431799686000335,153.6726957430175
17.431799686000335,16.084801345663767,17.43310539029701,153.6734335969049
17.43310539029701,16.08613025761054,17.433204792337268,153.67486021173858
17.433204792337268,16.086269363805982,17.434148059990243,153.67612082297964
17.434148059990243,16.087211874127657,17.432222991623455,153.67682379006848
17.432222991623455,16.08518410560384,17.446672082344424,153.77366661174372
17.446672082344424,16.099918182982044,17.461271668052174,153.93430699027468
17.461271668052174,16.11452776889658,17.446995958303486,153.93502878547162
17.446995958303486,16.09960192525597,17.460581170655153,153.9359254615866
17.460581170655153,16.113281670430254,17.453211565499494,153.93725678656224
17.453211565499494,16.105736800984413,17.46116332947562,153.93821900173643
17.46116332947562,16.113538617378982,17.4527745982712,153.93894425801156
17.4527745982712,16.10481181619677,17.46097239912383,153.93984302122868
17.46097239912383,16.113035876403412,17.45759945421721,153.94116326105924
17.45759945421721,16.109625772417207,17.461675368954104,153.94213270084438
17.461675368954104,16.11354967293662,17.456768441655836,153.9428610180582
17.456768441655836,16.10842127275113,17.461584136465344,153.94375830602476
17.461584136465344,16.113244085913376,17.460608377554998,153.94506855295487
17.460608377554998,16.112286361912076,17.462292668536165,153.94604385258256
17.462292668536165,16.113829036700782,17.459600234783093,153.94677495717556
17.459600234783093,16.110981372824963,17.46224209200746,153.9476699869062
17.46224209200746,16.11361846537308,17.462726774912554,153.94897120554893
17.462726774912554,16.114148763335557,17.462931183918858,153.94995199022446
17.462931183918858,16.11422200087258,17.4616608188898,153.95068566535392
17.4616608188898,16.112839876454938,17.46289983626076,153.95157808462278
17.46289983626076,16.114065004459313,17.46426030044394,153.95287111764551
17.46426030044394,16.115485931805548,17.463562854984986,153.95385725159645
17.463562854984986,16.114666550020125,17.463201175555767,153.9545933179189
17.463201175555767,16.11422339971018,17.463540543443152,153.95548293393946
17.463540543443152,16.114541782709384,17.465405644392412,153.95676852602475
17.465405644392412,16.11647528406763,17.464177331998602,153.9577599784461
17.464177331998602,16.115133192065333,17.46438689483132,153.95849828552736
17.46438689483132,16.115282924019333,17.464158749834766,153.95938498985745
17.464158749834766,16.115028484983313,17.466292048656907,153.9606638070017
17.466292048656907,16.117234019100028,17.464771915829118,153.96166060709925
17.464771915829118,16.115607447343187,17.46532935575012,153.96240102790472
17.46532935575012,16.116120628902838,17.464754212079885,153.9632847608968
17.464754212079885,16.115515450983644,17.467005692249675,153.96455740308778
17.467005692249675,16.11784044340022,17.46534751498247,153.96555961623824
17.46534751498247,16.11608255101588,17.466104550034984,153.96630204257013
17.466104550034984,16.116806483913898,17.465329111108144,153.96718277096247
17.465329111108144,16.115998597971213,17.46760465685922,153.96844977958474
17.46760465685922,16.118347301961233,17.465906642737316,153.9694574911045
17.465906642737316,16.11655580558941,17.466764889832703,153.9702018293563
17.466764889832703,16.117388827427803,17.46588659121138,153.97107953092302
17.46588659121138,16.11647674894865,17.46812838274077,153.97234139286513
17.46812838274077,16.118790304601447,17.4664523402552,153.97335469629306
17.4664523402552,16.11702659620305,17.467346812737016,153.97410086350405
17.467346812737016,16.11790126070218,17.46642996774286,153.97497551696387
17.46642996774286,16.116950150353517,17.468603770306164,153.97623266727476
17.468603770306164,16.11919367499232,17.46698759811976,153.9772516564383
17.46698759811976,16.117495280598686,17.46787578193684,153.97799957682918
17.46787578193684,16.118367221750827,17.466962313180026,153.9788711560777
17.466962313180026,16.11741964442468,17.469049186172185,153.98012398058506
17.469049186172185,16.11957381649424,17.467515068655985,153.98114874505458
17.467515068655985,16.117962575685628,17.468369632737165,153.98189834725085
17.468369632737165,16.11880306840913,17.467486267501453,153.98276681898787
17.467486267501453,16.117886220938633,17.469477134448155,153.98401565768236
17.469477134448155,16.11994176715617,17.468036950928454,153.98504628106323
17.468036950928454,16.118429234870792,17.46884084852901,153.98579749609357
17.46884084852901,16.11922018667259,17.468003980764358,153.98666281986516
17.468003980764358,16.11835079190289,17.469896063361553,153.9879079712816
17.469896063361553,16.1203048644971,17.46855497546076,153.988944531604
17.46855497546076,16.118895895534628,17.469298131170433,153.9896972916446
17.469298131170433,16.119626451269404,17.468517129873106,153.99055942133285
17.468517129873106,16.118814095548377,17.487006171181065,154.09440944130478
17.487006171181065,16.136817976473985,17.506039497806697,154.25768104873626
17.506039497806697,16.155877353687067,17.49482809605731,154.2590754339507
17.49482809605731,16.144340771031324,17.509114617160954,154.26032720913116
17.509114617160954,16.15865129530762,17.494375366716923,154.26104195770557
17.494375366716923,16.143291927897746,17.505359589787766,154.26179325730837
17.505359589787766,16.154233878327194,17.500167155005663,154.26318429272885
17.500167155005663,16.149070157625403,17.5086330902268,154.26445837443705
17.5086330902268,16.15748702400922,17.49910175529535,154.26517428127235
17.49910175529535,16.14755035614018,17.50560221660844,154.26592366795225
17.50560221660844,16.153990718267973,17.503640071500353,154.26731184257892
17.503640071500353,16.15213633727078,17.50851303531435,154.2686047582759
17.50851303531435,16.156950322036415,17.502283913740538,154.26932158468628
17.502283913740538,16.150425305760713,17.50595718841077,154.27006784539145
17.50595718841077,16.15403908091707,17.505937271682633,154.27145374522016
17.505937271682633,16.15415175061294,17.508536376903137,154.2727651460477
17.508536376903137,16.156692805810156,17.504471706905775,154.27348271338633
17.504471706905775,16.152399099058595,17.50632499566891,154.27422530118508
17.50632499566891,16.154196102975302,17.507481827194866,154.2756094725518
17.507481827194866,16.155491619811585,17.508631429955155,154.27693967295093
17.508631429955155,16.156586402830683,17.506004458795022,154.27765782742344
17.506004458795022,16.153775926393735,17.506680622373192,154.2783963787551
17.506680622373192,16.154398516400693,17.50853911774606,154.27977931483844
17.50853911774606,16.156394565608075,17.50877022148689,154.2811288132076
17.50877022148689,16.156574372850393,17.507101382053133,154.2818474147337
17.507101382053133,16.154754739041145,17.507020484759757,154.28258165203502
17.507020484759757,16.15462218482597,17.509280927981102,154.28396379691742
17.509280927981102,16.157016148151296,17.508940853789795,154.2853331489717
17.508940853789795,16.156628150403805,17.507907912113936,154.2860520665792
17.507907912113936,16.15546852699689,17.507347972595994,154.28678176462276
17.507347972595994,16.154858294560956,17.509820533359477,154.28816351995135
17.509820533359477,16.157459255347085,17.509138505865305,154.28955329020806
17.509138505865305,16.156732506628927,17.508522187847472,154.2902723999912
17.508522187847472,16.156007436375482,17.507668543772084,154.29099737086148
17.507668543772084,16.155104581863693,17.510233473810576,154.29237910256066
17.510233473810576,16.157792511516277,17.509361516382754,154.2937898437258
17.509361516382754,16.156878936464327,17.509011166418617,154.29450902804993
17.509011166418617,16.156433122357353,17.50798774741675,154.29522911411905
17.50798774741675,16.15536148398676,17.510570433675518,154.2966111588154
17.510570433675518,16.158061857901934,17.509609504222627,154.29804340681184
17.509609504222627,16.157062384469377,17.509420835656123,154.2987625541841
17.509420835656123,16.15678796457126,17.508310417535416,154.29947762535286
17.508310417535416,16.155630334009825,17.51086547111439,154.3008602964792
17.51086547111439,16.15829802134297,17.50988244186111,154.3023145769214
17.50988244186111,16.157279536793865,17.509782866519124,154.30303358215107
17.509782866519124,16.15710112667297,17.50864039677136,154.30374353539435
17.50864039677136,16.15591251424367,17.511141391712794,154.30512712885564
17.511141391712794,16.158521422512152,17.510180220571833,154.3066039720542
17.510180220571833,16.157527922788784,17.510119039802966,154.3073227364552
17.510119039802966,16.157392617497727,17.508980515147613,154.30802749624493
17.508980515147613,16.156209092005327,17.511413319555373,154.30941229546076
17.511413319555373,16.158745452181453,17.510502479151526,154.31091225670198
17.510502479151526,16.1578054556943,17.510444244531822,154.3116306881575
17.510444244531822,16.157676057150354,17.509332689241525,154.3123302066883
17.509332689241525,16.15652070337942,17.511691106278082,154.31371648683606
17.511691106278082,16.158978687646073,17.510848571979032,154.31524016833498
17.510848571979032,16.158110214395766,17.510768539935025,154.3159581811427
17.510768539935025,16.157960587203885,17.526207155438296,154.41400367860123
17.526207155438296,16.173894254418894,17.540991532528235,154.58442179817862
17.540991532528235,16.188404228573837,17.52266434125004,154.58504598759703
17.52266434125004,16.169401352027553,17.539543725795646,154.58590061398962
17.539543725795646,16.186334430096082,17.532265427773304,154.58792876115257
17.532265427773304,16.17916291061831,17.541008907973087,154.5889504845074
17.541008907973087,16.18753581350165,17.528403925520813,154.5895718389845
17.528403925520813,16.17454407199579,17.540305980777124,154.5904396070925
17.540305980777124,16.186479001981155,17.536386469325667,154.5924904204846
17.536386469325667,16.182738529260327,17.54150561081859,154.59350354658304
17.54150561081859,16.187524977120663,17.53250561095301,154.59412206062495
17.53250561095301,16.178244656644573,17.541101057329133,154.59500004231438
17.541101057329133,16.18688118608355,17.539285660930123,154.59707449070706
17.539285660930123,16.185253252607147,17.54205129783839,154.5980776916486
17.54205129783839,16.187724295285108,17.535536536466097,154.5986934256316
17.535536536466097,16.180992314442793,17.54185035514723,154.5995812852991
17.54185035514723,16.18735099669764,17.54140785065649,154.60168089744525
17.54140785065649,16.187090275422985,17.542611813570936,154.6026740256871
17.542611813570936,16.188029811005933,17.537850178007318,154.60328707260052
17.537850178007318,16.183094837769136,17.542559421981732,154.60418475122881
17.542559421981732,16.18784845768946,17.543026174911486,154.60631148925899
17.543026174911486,16.18848812882553,17.543180091896385,154.60729465792187
17.543180091896385,16.18840092412235,17.53967207102027,154.60790512192443
17.53967207102027,16.184752084325133,17.543238664759667,154.60881264414297
17.543238664759667,16.18836030339889,17.544313260323793,154.61096878516034
17.544313260323793,16.189598951446598,17.543753689964,154.611942201254
17.543753689964,16.188816281331764,17.541150884874362,154.6125501801928
17.541150884874362,16.186097402561312,17.543896894298953,154.6134676194581
17.543896894298953,16.188881466712086,17.545380759065377,154.6156556359712
17.545380759065377,16.19052150795771,17.544331724094302,154.6166195382744
17.544331724094302,16.18926334550996,17.542387112843954,154.617225110278
17.542387112843954,16.187221691752487,17.544541104274856,154.61815257863955
17.544541104274856,16.189410188384198,17.546302168747992,154.62037503769747
17.546302168747992,16.191320796342485,17.544914129817037,154.62132966401398
17.544914129817037,16.18973444550877,17.54345005996619,154.6219328796607
17.54345005996619,16.18818801171782,17.545176820567065,154.6228705215724
17.545176820567065,16.189946182528853,17.547126602892106,154.62513001698449
17.547126602892106,16.192040112639646,17.545501294767387,154.62607558544576
17.545501294767387,16.19022478816817,17.544388336791346,154.6266764654907
17.544388336791346,16.18904077274501,17.545808391841494,154.62762445193619
17.545808391841494,16.19048978134311,17.547887292677828,154.62992357402447
17.547887292677828,16.19270857872662,17.54609380089458,154.63086027355098
17.54609380089458,16.19073130716917,17.54523651698036,154.63145881111055
17.54523651698036,16.18981163897841,17.546439194442044,154.6324173340689
17.546439194442044,16.191041494854133,17.548606967342515,154.63475867233475
17.548606967342515,16.1933459445763,17.54669224865234,154.63568665976175
17.54669224865234,16.191251963790165,17.546019480127157,154.63628282528435
17.546019480127157,16.190523421420497,17.54707179415312,154.63725209330798
17.54707179415312,16.191601789500407,17.54930131535074,154.63963826308276
17.54930131535074,16.193965690870762,17.547297153781585,154.64055766501332
17.547297153781585,16.191785322997806,17.56636838980318,154.75416770128595
17.56636838980318,16.210284588939974,17.573871794136142,154.8705257683393
17.573871794136142,16.21801879611148,17.571630909981657,154.87172857853346
17.571630909981657,16.21521049662491,17.574709039966606,154.87264362575814
17.574709039966606,16.21832686652725,17.571929430269368,154.87344622876722
17.571929430269368,16.215065764243356,17.576285639391394,154.87442685707106
17.576285639391394,16.21958231996155,17.575767102676284,154.87563748785527
17.575767102676284,16.218831835185167,17.577119306864763,154.8765563048945
17.577119306864763,16.220134871050313,17.575533312919408,154.87735763076878
17.575533312919408,16.21827426632396,17.57842894232769,154.87834524654642
17.57842894232769,16.221264234304375,17.578544267928603,154.8795634971164
17.578544267928603,16.221271234446352,17.579005637076893,154.88048164995257
17.579005637076893,16.221656643563357,17.578019858057555,154.88128150227314
17.578019858057555,16.220496651502447,17.580047530398808,154.88227415755412
17.580047530398808,16.222585888659534,17.58046130262584,154.88350006219534
17.58046130262584,16.222952784296186,17.580415181786318,154.88441662943941
17.580415181786318,16.22282154138899,17.57977820594912,154.88521486837928
17.57977820594912,16.222067451945023,17.581251220586932,154.88621197777724
17.581251220586932,16.223583401914546,17.58181355012329,154.88744565780814
17.58181355012329,16.224132412421746,17.58146738231871,154.888360292143
17.58146738231871,16.223699437434878,17.58104770608865,154.88915680301926
17.58104770608865,16.22319769037115,17.582152808069104,154.89015809997431
17.582152808069104,16.224334483940286,17.582787938978054,154.89139971097788
17.582787938978054,16.2249753859897,17.582263284368405,154.89231224319818
17.582263284368405,16.224365601981155,17.581984606061166,154.8931069224715
17.581984606061166,16.22402735663851,17.58284089440309,154.89411225230938
17.58284089440309,16.22490829642234,17.58350827673846,154.89536195763387
17.58350827673846,16.225592453934915,17.582879556990886,154.89627229279932
17.582879556990886,16.22488170505012,17.58269461481553,154.89706504061326
17.58269461481553,16.22465208205465,17.58338141996917,154.89807429633228
17.58338141996917,16.22535902583502,17.58405880860126,154.8993322514874
17.58405880860126,16.2260594743452,17.583372687339704,154.90024033093957
17.583372687339704,16.225294882763414,17.58325082122266,154.90103104701873
17.58325082122266,16.22513837780959,17.583822589592575,154.90204414392795
17.583822589592575,16.22572735765253,17.58449778966681,154.90331048722223
17.58449778966681,16.226429075244173,17.58378381405353,154.90421627176212
17.58378381405353,16.225640164161334,17.583704429147478,154.90500485344998
17.583704429147478,16.2255329940743,17.584199330433965,154.90602171799293
17.584199330433965,16.226043211235208,17.584865855516913,154.90729656568544
17.584865855516913,16.226737993470067,17.584142678831164,154.90820002731527
17.584142678831164,16.22594315871517,17.584091560630117,154.90898636912922
17.584091560630117,16.225868952777844,17.584536758917814,154.91000693407508
17.584536758917814,16.22632826455655,17.585191428947635,154.91129037917472
17.585191428947635,16.227011883203062,17.58447061808029,154.91219149688166
17.58447061808029,16.22622233281358,17.58443774223065,154.91297549110973
17.58443774223065,16.226169576400473,17.584852768616233,154.91399969400808
17.584852768616233,16.226597993929563,17.58549433345169,154.91529180801044
17.58549433345169,16.227268564540143,17.584782779663716,154.9161905656142
17.584782779663716,16.22649079990332,17.584760954858275,154.91697210355105
17.584760954858275,16.226451253840494,17.58515994185552,154.91799988691704
17.58515994185552,16.226863251495278,17.585788273493346,154.91930072375004
17.585788273493346,16.227520271991082,17.585089759302033,154.92019710880416
17.585089759302033,16.22675769149888,17.585073757518636,154.92097608226146
17.585073757518636,16.226725381286403,17.585466961656184,154.92200739460426
17.585466961656184,16.22713146544522,17.58608257322336,154.92331699602755
17.58608257322336,16.227775240656833,17.585398811195596,154.92421099920116
17.585398811195596,16.227029196607056,17.59729323574356,155.02377646047546
17.59729323574356,16.239082878938937,17.613719838817687,155.17236085666877
17.613719838817687,16.255816720258714,17.599147533165414,155.17316847916692
17.599147533165414,16.24041607180632,17.609169719065967,155.17389254735727
17.609169719065967,16.250427393755064,17.60400010480051,155.17507044741154
17.60400010480051,16.245090310331992,17.613435011467963,155.17642115137699
17.613435011467963,16.254633326732364,17.60484377187209,155.17722939354414
17.60484377187209,16.245557760629477,17.610350793241963,155.1779618773625
17.610350793241963,16.251011516962844,17.60851754413529,155.17913571729176
17.60851754413529,16.24914103990716,17.6140475197721,155.18047862594824
17.6140475197721,16.254732333504084,17.60877568299589,155.18128764426572
17.60877568299589,16.2491164651296,17.611639619268246,155.18202517345702
17.611639619268246,16.25192762194912,17.611644195101267,155.18319583330265
17.611644195101267,16.25194271864465,17.61476124838757,155.1845278557358
17.61476124838757,16.255095173732883,17.61156362789207,155.18533782518713
17.61156362789207,16.251640155337228,17.61281908461956,155.18608001976213
17.61281908461956,16.252845078576758,17.61386572204132,155.18724823255087
17.61386572204132,16.253925672268814,17.615473360886924,155.18856860940812
17.615473360886924,16.255550494968944,17.61359351557684,155.18937968692637
17.61359351557684,16.25347278247808,17.613872472070504,155.19012643359414
17.613872472070504,16.253702756575446,17.615488185037524,155.19129280419486
17.615488185037524,16.255364929201306,17.61615381615244,155.19260135724574
17.61615381615244,16.25603431273454,17.615113035232007,155.19341367127078
17.615113035232007,16.254838625648887,17.61481106764062,155.1941649383458
17.61481106764062,16.254488711523532,17.61670995531914,155.1953299597085
17.61670995531914,16.256440734636353,17.61679516241038,155.1966267724849
17.61679516241038,16.256519776911546,17.61628571070012,155.19744041887628
17.61628571070012,16.255887178660036,17.615652410971784,155.19819621157922
17.615652410971784,16.255206836139514,17.61766239224353,155.19936027888545
17.61766239224353,16.257273190264662,17.61739890474955,155.20064557934356
17.61739890474955,16.256996321973695,17.617221535262058,155.20146062014015
17.617221535262058,16.25671958737749,17.61641438345422,155.20222096062906
17.61641438345422,16.25586640347804,17.618433751767395,155.20338438411827
17.618433751767395,16.25794323620968,17.61797016940083,155.20465847903085
17.61797016940083,16.257461144685898,17.617995486389525,155.205474943094
17.617995486389525,16.257405026396285,17.617113235630683,155.20623985818764
17.617113235630683,16.256477961825993,17.619083941204963,155.20740287536245
17.619083941204963,16.258505849319036,17.618515205233958,155.20866610739787
17.618515205233958,16.257915074775134,17.61865916900886,155.2094839925174
17.61865916900886,16.25799116773911,17.617762944430517,155.21025350557167
17.617762944430517,16.257051567911883,17.619653907130132,155.21141629313428
17.619653907130132,16.25899854896578,17.61904015511071,155.21266901254893
17.61904015511071,16.258360436083283,17.6192483364925,155.21348828867906
17.6192483364925,16.25851102212193,17.618375117912848,155.21426241460674
17.618375117912848,16.25759605455274,17.620171741192696,155.21542510015016
17.620171741192696,16.25944698040521,17.619550479033897,155.2166676474192
17.619550479033897,16.258799931061755,17.619787850033042,155.21748826069643
17.619787850033042,16.258987490200663,17.618959145835714,155.21826700353338
17.618959145835714,16.258118800786278,17.620656722987917,155.21942967679746
17.620656722987917,16.259868637327763,17.62005073241117,155.22066237342707
17.62005073241117,16.259236085579374,17.620295006660363,155.22148425060465
17.620295006660363,16.259436437827937,17.619522457212277,155.22226760302763
17.619522457212277,16.258625752313435,17.621122039109924,155.22343032638577
17.621122039109924,16.260275378264783,17.620544538339985,155.2246534714783
17.620544538339985,16.259671006653214,17.620781807275616,155.22547652441898
17.620781807275616,16.25986880286347,17.6200708131909,155.22626446861221
17.6200708131909,16.25912156083085,17.62157663728716,155.2274272864452
17.62157663728716,16.26067514852283,17.621034660517534,155.22864115691806
17.621034660517534,16.260106312439014,17.636872146135044,155.3319763380643
17.636872146135044,16.275331296243984,17.658681727473322,155.49732627321663
17.658681727473322,16.297278012908272,17.653098203670364,155.50099855064218
17.653098203670364,16.292065284067906,17.658343623344194,155.5019431641968
17.658343623344194,16.296366742026056,17.641489304969824,155.5025051147576
17.641489304969824,16.27907576670357,17.658722390507034,155.50347604753682
17.658722390507034,16.296378918294042,17.6545366082449,155.50725554142514
17.6545366082449,16.29274948069591,17.65866202891478,155.50819509267512
17.65866202891478,16.29603145474035,17.64496302513365,155.50875588698534
17.64496302513365,16.282104540361864,17.659154755469185,155.50974285123985
17.659154755469185,16.29632517501418,17.655963775294232,155.51363085630223
17.655963775294232,16.293669038191553,17.65902075389355,155.51456178751374
